Attribute,Description,Valid Values,DependsOn,Required,Properties,Parent,DependsOn Component,Source,Validation Rules,Nonpreferred Terms,Ontology Identifier,Ontology Url,NCIt Code,notes
AWK,AWK is a text-processing scripting language and command-line utility designed for pattern scanning and manipulation of structured text such as tabular or delimited data.,,,FALSE,,Tool Language,,,,,,,,
ActionScript,ActionScript is an object-oriented programming language originally developed by Macromedia (later Adobe) for building interactive applications and animations on the Adobe Flash Platform.,,,FALSE,,Tool Language,,,,,SWO:0000091,http://www.ebi.ac.uk/swo/SWO_0000091,,
Ada,"Ada is a structured, statically typed imperative programming language designed for reliability and maintainability, and widely used in embedded, real-time, and safety-critical systems such as aerospace and defense applications.",,,FALSE,,Tool Language,,,,,SWO:0000092,http://www.ebi.ac.uk/swo/SWO_0000092,,
AppleScript,AppleScript is a scripting language created by Apple that allows users to directly control scriptable Mac applications and automate repetitive tasks on macOS.,,,FALSE,,Tool Language,,,,,SWO:0000093,http://www.ebi.ac.uk/swo/SWO_0000093,,
Assembly Language,"Assembly language is a low-level programming language with a close, largely one-to-one correspondence to a computer's machine code instructions, specific to a particular processor architecture.",,,FALSE,,Tool Language,,,,,SWO:0000094,http://www.ebi.ac.uk/swo/SWO_0000094,,
Bash,Bash (Bourne Again SHell) is a Unix shell and command language interpreter widely used as the default login shell and scripting language on Linux and macOS systems.,,,FALSE,,Tool Language,,,,,,,,
C,"C is a general-purpose, procedural, statically typed programming language that provides low-level access to memory and hardware, and is widely used for operating systems, embedded systems, and performance-critical software.",,,FALSE,,Tool Language,,,,,SWO:0000095,http://www.ebi.ac.uk/swo/SWO_0000095,,
C#,"C# (C Sharp) is a general-purpose, object-oriented programming language developed by Microsoft as part of the .NET platform, commonly used for Windows applications, games, and web services.",,,FALSE,,Tool Language,,,,,SWO:0000096,http://www.ebi.ac.uk/swo/SWO_0000096,,
C++,"C++ is a general-purpose, statically typed programming language that extends the C language with object-oriented and generic programming features, widely used for systems software, games, and performance-critical applications.",,,FALSE,,Tool Language,,,,,SWO:0000097,http://www.ebi.ac.uk/swo/SWO_0000097,,
COBOL,"COBOL (Common Business-Oriented Language) is an imperative, procedural programming language designed for business, finance, and administrative data-processing applications.",,,FALSE,,Tool Language,,,,,SWO:0000098,http://www.ebi.ac.uk/swo/SWO_0000098,,
CSS,CSS (Cascading Style Sheets) is a style sheet language used to describe the presentation and formatting of documents written in HTML or XML.,,,FALSE,,Tool Language,,,,,,,,Added by Rancho 08-03-2021
CWL,Common Workflow Language (CWL) is a specification for describing command-line tools and workflows for data-intensive scientific analysis in a portable and scalable way.,,,FALSE,,Tool Language,,,,,EDAM:format_3857,http://edamontology.org/format_3857,,
ColdFusion,"ColdFusion is a commercial rapid-application-development scripting language and platform, originally created by Allaire, used for building dynamic web applications.",,,FALSE,,Tool Language,,,,,SWO:0000099,http://www.ebi.ac.uk/swo/SWO_0000099,,
D,"D is a general-purpose, statically typed systems programming language that combines the efficiency of C++ with modern features such as garbage collection and built-in unit testing.",,,FALSE,,Tool Language,,,,,SWO:0000100,http://www.ebi.ac.uk/swo/SWO_0000100,,
Delphi,Delphi is an integrated development environment and associated Object Pascal-based programming language used primarily for rapid application development of Windows desktop and mobile applications.,,,FALSE,,Tool Language,,,,,SWO:0000101,http://www.ebi.ac.uk/swo/SWO_0000101,,
Dockerfile,A Dockerfile is a text document containing a series of instructions used to automatically build a Docker container image.,,,FALSE,,Tool Language,,,,,,,,Added by Rancho 08-03-2021
Dylan,"Dylan is a multi-paradigm programming language that combines features of dynamic, object-oriented languages such as Lisp and Smalltalk with a more conventional syntax.",,,FALSE,,Tool Language,,,,,SWO:0000102,http://www.ebi.ac.uk/swo/SWO_0000102,,
Eiffel,"Eiffel is an object-oriented programming language designed around the principle of Design by Contract, emphasizing software correctness and reliability.",,,FALSE,,Tool Language,,,,,SWO:0000103,http://www.ebi.ac.uk/swo/SWO_0000103,,
Elm,"Elm is a functional programming language that compiles to JavaScript, designed for building reliable web applications with a strong emphasis on usability and type safety.",,,FALSE,,Tool Language,,,,,,,,
Forth,"Forth is a stack-based, procedural programming language known for its simplicity, extensibility, and use of Reverse Polish Notation, historically popular for embedded and control systems.",,,FALSE,,Tool Language,,,,,SWO:0000104,http://www.ebi.ac.uk/swo/SWO_0000104,,
Fortran,"Fortran (Formula Translation) is a general-purpose, imperative programming language especially suited for numeric computation and scientific computing.",,,FALSE,,Tool Language,,,,,SWO:0000105,http://www.ebi.ac.uk/swo/SWO_0000105,,
Go,"Go (Golang) is a statically typed, compiled programming language developed by Google, designed for simplicity, concurrency, and efficiency in building scalable software and networked services.",,,FALSE,,Tool Language,,,,,,,,Added by Rancho 08-03-2021
Groovy,"Groovy is a dynamic, object-oriented programming language for the Java platform that adds scripting capabilities and syntactic sugar to Java-based applications.",,,FALSE,,Tool Language,,,,,SWO:0000106,http://www.ebi.ac.uk/swo/SWO_0000106,,
HTML,"HTML (Hypertext Markup Language) is a standard markup language used to structure and display content on web pages, as specified by the World Wide Web Consortium (W3C).",,,FALSE,,Tool Language,,,,,NCIT:C142380,http://purl.obolibrary.org/obo/NCIT_C142380,C142380,Added by Rancho 08-03-2021
Haskell,"Haskell is a statically typed, purely functional programming language known for its strong emphasis on lazy evaluation and mathematical rigor.",,,FALSE,,Tool Language,,,,,SWO:0000107,http://www.ebi.ac.uk/swo/SWO_0000107,,
Icarus,"Icarus Verilog is an open-source compiler and simulator for the Verilog hardware description language, used for digital circuit design and simulation.",,,FALSE,,Tool Language,,,,,,,,
JSP,JavaServer Pages (JSP) is a Java-based technology that enables embedding Java code and dynamic content directly within HTML web pages for server-side rendering.,,,FALSE,,Tool Language,,,,,,,,
Java,"Java is a general-purpose, class-based, object-oriented programming language designed to be portable across platforms via the 'write once, run anywhere' principle, executed on the Java Virtual Machine.",,,FALSE,,Tool Language,,,,,SWO:0000012,http://www.ebi.ac.uk/swo/SWO_0000012,,
JavaScript,"JavaScript is a high-level, dynamically typed scripting language most commonly used to add interactivity and dynamic behavior to web pages, and increasingly for server-side and application development.",,,FALSE,,Tool Language,,,,,SWO:0000108,http://www.ebi.ac.uk/swo/SWO_0000108,,
Julia,"Julia is a high-level, high-performance dynamic programming language designed for numerical and scientific computing, combining ease of use with speed comparable to statically typed languages.",,,FALSE,,Tool Language,,,,,,,,
LabVIEW,"LabVIEW is a graphical, dataflow-based programming environment developed by National Instruments, primarily used for data acquisition, instrument control, and industrial automation.",,,FALSE,,Tool Language,,,,,SWO:0000109,http://www.ebi.ac.uk/swo/SWO_0000109,,
Lisp,"Lisp is a family of programming languages characterized by a distinctive fully parenthesized syntax and support for symbolic computation, historically influential in artificial intelligence research.",,,FALSE,,Tool Language,,,,,SWO:0000110,http://www.ebi.ac.uk/swo/SWO_0000110,,
Lua,"Lua is a lightweight, high-level, embeddable scripting language designed for extensibility, commonly used to add scripting capabilities to applications and games.",,,FALSE,,Tool Language,,,,,SWO:0000111,http://www.ebi.ac.uk/swo/SWO_0000111,,
MATLAB,"MATLAB is a high-level language and interactive environment that enables users to perform computationally intensive tasks faster than with traditional programming languages such as C, C++, and Fortran.",,,FALSE,,Tool Language,,,,,SWO:0000005,http://www.ebi.ac.uk/swo/SWO_0000005,,
MLXTRAN,MLXTRAN is a domain-specific modeling language used within the Monolix software suite to define pharmacometric and biological models for nonlinear mixed-effects analysis.,,,FALSE,,Tool Language,,,,,SWO:0000134,http://www.ebi.ac.uk/swo/SWO_0000134,,
Maple,"Maple is a symbolic and numeric computing environment and programming language used for mathematical computation, modeling, and visualization.",,,FALSE,,Tool Language,,,,,SWO:0000112,http://www.ebi.ac.uk/swo/SWO_0000112,,
Mathematica,"Mathematica is a computational software system and programming language developed by Wolfram Research, used for symbolic and numerical computation, data analysis, and visualization.",,,FALSE,,Tool Language,,,,,SWO:0000113,http://www.ebi.ac.uk/swo/SWO_0000113,,
NMTRAN,NM-TRAN is the control-file language used by the NONMEM software package to specify nonlinear mixed-effects pharmacokinetic/pharmacodynamic models.,,,FALSE,,Tool Language,,,,,SWO:0000136,http://www.ebi.ac.uk/swo/SWO_0000136,,
Netlogo,NetLogo is a multi-agent programmable modeling environment used for simulating and exploring complex natural and social phenomena.,,,FALSE,,Tool Language,,,,,,,,Added by Rancho 08-03-2021
Nextflow,"Nextflow is a workflow system for creating scalable, portable, and reproducible data analysis pipelines.",,,FALSE,,Tool Language,,,,,EDAM:format_4048,http://edamontology.org/format_4048,,Added by Brynn 2/28/2022
Ocaml,"OCaml is a general-purpose, statically typed functional programming language that also supports imperative and object-oriented programming styles.",,,FALSE,,Tool Language,,,,,,,,
OpenEdge ABL,OpenEdge ABL (Advanced Business Language) is a proprietary fourth-generation programming language developed by Progress Software for building business applications.,,,FALSE,,Tool Language,,,,,,,,
Other,A programming or software language used by a tool that is not otherwise represented among the listed valid values.,,,FALSE,,Tool Language,,,,,,,,
PHP,"PHP is a general-purpose scripting language especially suited for server-side web development, used to create dynamic web pages and applications.",,,FALSE,,Tool Language,,,,,SWO:0000116,http://www.ebi.ac.uk/swo/SWO_0000116,,
Pascal,"Pascal is a procedural, statically typed imperative programming language designed to encourage structured programming practices, historically widely used for teaching and application development.",,,FALSE,,Tool Language,,,,,SWO:0000114,http://www.ebi.ac.uk/swo/SWO_0000114,,
Perl,"Perl is a high-level, general-purpose interpreted programming language known for its powerful text-processing capabilities, widely used for system administration, web development, and bioinformatics.",,,FALSE,,Tool Language,,,,,SWO:0000115,http://www.ebi.ac.uk/swo/SWO_0000115,,
PostScript,"PostScript is a page description and programming language developed by Adobe, used primarily for describing the layout, text, and graphics of printed documents.",,,FALSE,,Tool Language,,,,,SWO:3000024,http://www.ebi.ac.uk/swo/data/SWO_3000024,,Added by Rancho 08-03-2021
PowerShell,"PowerShell is a task automation and configuration management framework from Microsoft, consisting of a command-line shell and an associated scripting language built on .NET.",,,FALSE,,Tool Language,,,,,,,,Added by Rancho 08-03-2021
Prolog,"Prolog is a logic programming language based on formal logic, in which programs are expressed as facts and rules, widely used in artificial intelligence and computational linguistics.",,,FALSE,,Tool Language,,,,,SWO:0000117,http://www.ebi.ac.uk/swo/SWO_0000117,,
PyMOL,"PyMOL is a molecular visualization and modeling software system with an embedded Python-based scripting interface, widely used for rendering and analyzing 3D structures of proteins and other molecules.",,,FALSE,,Tool Language,,,,,,,,
Python,"Python is a widely used general-purpose, high-level programming language whose design philosophy emphasizes code readability, supporting object-oriented, imperative, and functional programming styles.",,,FALSE,,Tool Language,,,,,SWO:0000118,http://www.ebi.ac.uk/swo/SWO_0000118,,
R,"R is a programming language and free software environment for statistical computing, data analysis, and graphics, widely used in bioinformatics and data science.",,,FALSE,,Tool Language,,,,,SWO:0000415,http://www.ebi.ac.uk/swo/SWO_0000415,,
REXX,"REXX (Restructured Extended Executor) is a structured, interpreted programming language originally developed by IBM for scripting and automating tasks on mainframe systems.",,,FALSE,,Tool Language,,,,,SWO:0000119,http://www.ebi.ac.uk/swo/SWO_0000119,,
Racket,"Racket is a general-purpose, multi-paradigm programming language descended from Scheme, used both as a teaching language and for general software development.",,,FALSE,,Tool Language,,,,,SWO:0000008,http://www.ebi.ac.uk/swo/SWO_0000008,,
Ruby,"Ruby is a dynamic, object-oriented, general-purpose programming language designed for simplicity and productivity, with an elegant and readable syntax.",,,FALSE,,Tool Language,,,,,SWO:0000120,http://www.ebi.ac.uk/swo/SWO_0000120,,
SAS,"SAS is a proprietary software suite and programming language developed by SAS Institute for advanced analytics, statistical analysis, business intelligence, and data management.",,,FALSE,,Tool Language,,,,,SWO:0000121,http://www.ebi.ac.uk/swo/SWO_0000121,,
SQL,"SQL (Structured Query Language) is an industry-standard language for creating, updating, and querying relational database management systems.",,,FALSE,,Tool Language,,,,,NCIT:C54108,http://purl.obolibrary.org/obo/NCIT_C54108,C54108,
Scala,"Scala is a general-purpose programming language that combines object-oriented and functional programming paradigms, and runs on the Java Virtual Machine.",,,FALSE,,Tool Language,,,,,SWO:0000122,http://www.ebi.ac.uk/swo/SWO_0000122,,
Scheme,"Scheme is a minimalist, multi-paradigm programming language and dialect of Lisp known for its simple syntax and support for functional programming.",,,FALSE,,Tool Language,,,,,SWO:0000123,http://www.ebi.ac.uk/swo/SWO_0000123,,
Shell,Shell refers to a command-line interpreter and associated scripting language used to execute commands and automate tasks in Unix-like operating systems.,,,FALSE,,Tool Language,,,,,SWO:0000124,http://www.ebi.ac.uk/swo/SWO_0000124,,
TeX,"TeX is a typesetting system and programming language created by Donald Knuth, widely used for producing technical and scientific documents with precise typographic control.",,,FALSE,,Tool Language,,,,,,,,Added by Rancho 08-03-2021
Turing,"Turing is a structured, general-purpose programming language developed at the University of Toronto, designed primarily for teaching programming concepts.",,,FALSE,,Tool Language,,,,,SWO:0000127,http://www.ebi.ac.uk/swo/SWO_0000127,,
VHDL,VHDL (VHSIC Hardware Description Language) is a hardware description language used to model and simulate the behavior and structure of digital electronic circuits.,,,FALSE,,Tool Language,,,,,SWO:0000129,http://www.ebi.ac.uk/swo/SWO_0000129,,
Verilog,"Verilog is a hardware description language used to model, design, and simulate digital and analog electronic systems.",,,FALSE,,Tool Language,,,,,SWO:0000128,http://www.ebi.ac.uk/swo/SWO_0000128,,
Visual Basic,"Visual Basic is an event-driven, object-oriented programming language developed by Microsoft, historically used for rapid application development of Windows desktop applications.",,,FALSE,,Tool Language,,,,,SWO:0000130,http://www.ebi.ac.uk/swo/SWO_0000130,,
WDL,"WDL (Workflow Description Language) is a human-readable and writable language for specifying data processing workflows, commonly used in bioinformatics pipelines.",,,FALSE,,Tool Language,,,,,,,,Added by Rancho 08-03-2021
XAML,XAML (Extensible Application Markup Language) is a declarative XML-based markup language used to define user interfaces and object hierarchies in Microsoft applications such as WPF and UWP.,,,FALSE,,Tool Language,,,,,,,,
